Seq Length,Accuracy
180,97.85407725321889
200,96.90033381020505
220,96.22443628736235
